{
  "name": "RandomForest",
  "precision": 0.8200992555831266,
  "recall": 0.5212933753943217,
  "fbeta": 0.6374156219864995
}