{
  "name": "RandomForest",
  "precision": 0.8092485549132948,
  "recall": 0.5658852061438965,
  "fbeta": 0.6660323501427211
}