{
  "name": "RandomForest",
  "precision": 0.7858851674641149,
  "recall": 0.5443247721623861,
  "fbeta": 0.6431718061674008
}