{
  "name": "RandomForest",
  "precision": 0.8165249088699879,
  "recall": 0.5358851674641149,
  "fbeta": 0.6470871449205585
}