{
  "name": "RandomForest",
  "precision": 0.8115942028985508,
  "recall": 0.5428109854604201,
  "fbeta": 0.6505324298160696
}