{
  "name": "RandomForest",
  "precision": 0.7651515151515151,
  "recall": 0.49348534201954397,
  "fbeta": 0.6
}