{
  "name": "RandomForest",
  "precision": 0.8045563549160671,
  "recall": 0.5459723352318958,
  "fbeta": 0.6505089675230247
}