{
  "name": "RandomForest",
  "precision": 0.8170266836086404,
  "recall": 0.5156375300721732,
  "fbeta": 0.632251720747296
}