{
  "name": "RandomForest",
  "precision": 0.7710982658959538,
  "recall": 0.5219092331768388,
  "fbeta": 0.6224918338777414
}