{
  "name": "RandomForest",
  "precision": 0.8064918851435705,
  "recall": 0.5230769230769231,
  "fbeta": 0.6345776031434185
}