{
  "name": "RandomForest",
  "precision": 0.8194842406876791,
  "recall": 0.547543075941289,
  "fbeta": 0.6564651874521805
}