{
  "name": "RandomForest",
  "precision": 0.8045977011494253,
  "recall": 0.5394990366088632,
  "fbeta": 0.6459054209919262
}