{
  "name": "RandomForest",
  "precision": 0.8201342281879195,
  "recall": 0.40842245989304815,
  "fbeta": 0.5452922802320394
}