{
  "name": "RandomForest",
  "precision": 0.7672413793103449,
  "recall": 0.49879903923138513,
  "fbeta": 0.6045608927704998
}