{
  "name": "RandomForest",
  "precision": 0.7134502923976608,
  "recall": 0.3983673469387755,
  "fbeta": 0.5112624410686224
}