{
  "name": "RandomForest",
  "precision": 0.78428927680798,
  "recall": 0.5130505709624796,
  "fbeta": 0.6203155818540435
}