{
  "name": "RandomForest",
  "precision": 0.8331143232588699,
  "recall": 0.49415432579890883,
  "fbeta": 0.6203522504892368
}