{
  "name": "RandomForest",
  "precision": 0.8029020556227328,
  "recall": 0.5429272281275552,
  "fbeta": 0.6478048780487806
}