{
  "name": "RandomForest",
  "precision": 0.8226600985221675,
  "recall": 0.5288994457640538,
  "fbeta": 0.6438554216867468
}