{
  "name": "RandomForest",
  "precision": 0.7882775119617225,
  "recall": 0.5392798690671031,
  "fbeta": 0.6404275996112732
}