{
  "name": "RandomForest",
  "precision": 0.7832512315270936,
  "recall": 0.5166531275385865,
  "fbeta": 0.6226138032305434
}