{
  "name": "RandomForest",
  "precision": 0.7808727948003714,
  "recall": 0.5536537195523371,
  "fbeta": 0.6479198767334361
}