{
  "name": "RandomForest",
  "precision": 0.8054256314312441,
  "recall": 0.5508637236084453,
  "fbeta": 0.6542553191489361
}