{
  "name": "RandomForest",
  "precision": 0.7980769230769231,
  "recall": 0.5359160613397902,
  "fbeta": 0.6412361178174796
}