{
  "name": "RandomForest",
  "precision": 0.723463687150838,
  "recall": 0.40123934934159566,
  "fbeta": 0.5161933233682112
}